filter_num,layer,filter_num_by_layer,prune_score,class
0,0,0,0.19181689620018005,frog
1,0,1,0.12129530310630798,frog
2,0,2,0.24441581964492798,frog
3,0,3,0.034858718514442444,frog
4,0,4,0.05003630742430687,frog
5,0,5,0.3271653652191162,frog
6,0,6,0.03207192197442055,frog
7,0,7,0.001710407086648047,frog
8,0,8,0.0771576538681984,frog
9,0,9,0.0194255318492651,frog
10,0,10,0.06983247399330139,frog
11,0,11,0.03186947852373123,frog
12,0,12,0.10133448243141174,frog
13,0,13,0.13918176293373108,frog
14,0,14,0.07630382478237152,frog
15,0,15,0.1136394515633583,frog
16,0,16,0.3087056279182434,frog
17,0,17,0.000877258600667119,frog
18,0,18,0.31418371200561523,frog
19,0,19,0.06735111773014069,frog
20,0,20,0.12384386360645294,frog
21,0,21,0.05343596264719963,frog
22,0,22,0.02075560763478279,frog
23,0,23,0.09326223284006119,frog
24,0,24,0.0489068478345871,frog
25,0,25,0.05581051483750343,frog
26,0,26,0.08271775394678116,frog
27,0,27,0.025908958166837692,frog
28,0,28,0.028169017285108566,frog
29,0,29,0.10690207034349442,frog
30,0,30,0.0068301912397146225,frog
31,0,31,0.07237157970666885,frog
32,0,32,0.01562643051147461,frog
33,0,33,0.31316259503364563,frog
34,0,34,0.003908579703420401,frog
35,0,35,0.007580684032291174,frog
36,0,36,0.16374042630195618,frog
37,0,37,0.009133880957961082,frog
38,0,38,0.058553412556648254,frog
39,0,39,0.44167107343673706,frog
40,0,40,0.009535682387650013,frog
41,0,41,0.36508190631866455,frog
42,0,42,0.018014010041952133,frog
43,0,43,0.04860563948750496,frog
44,0,44,0.011234934441745281,frog
45,1,0,0.11690971255302429,frog
46,1,1,0.25055909156799316,frog
47,1,2,0.06698943674564362,frog
48,1,3,0.013090657070279121,frog
49,1,4,0.10020334273576736,frog
50,1,5,0.6982229948043823,frog
51,1,6,0.1683507114648819,frog
52,1,7,0.15901324152946472,frog
53,1,8,0.1706097573041916,frog
54,1,9,0.18866710364818573,frog
55,1,10,0.2695711553096771,frog
56,1,11,0.0400390625,frog
57,1,12,0.06257494539022446,frog
58,1,13,0.2226678729057312,frog
59,1,14,0.08664428442716599,frog
60,1,15,0.14974166452884674,frog
61,1,16,0.08230451494455338,frog
62,1,17,0.13047005236148834,frog
63,1,18,0.04095916822552681,frog
64,1,19,0.19071194529533386,frog
65,1,20,0.05009889975190163,frog
66,1,21,0.2773744761943817,frog
67,1,22,0.06338311731815338,frog
68,2,0,0.03624298796057701,frog
69,2,1,0.1692117154598236,frog
70,2,2,0.4136705696582794,frog
71,2,3,0.18592211604118347,frog
72,2,4,0.14660215377807617,frog
73,2,5,0.18066781759262085,frog
74,2,6,0.011821105144917965,frog
75,2,7,0.05805664137005806,frog
76,2,8,0.01780063472688198,frog
77,2,9,0.04376813396811485,frog
78,2,10,0.039888206869363785,frog
79,2,11,0.013820799998939037,frog
80,2,12,0.11117104440927505,frog
81,2,13,0.18650378286838531,frog
82,2,14,0.0854615643620491,frog
83,2,15,0.043206971138715744,frog
84,2,16,0.0957646444439888,frog
85,2,17,0.18510915338993073,frog
86,2,18,0.04854876548051834,frog
87,2,19,0.013946082442998886,frog
88,2,20,0.03807579353451729,frog
89,2,21,0.11391303688287735,frog
90,2,22,0.32029643654823303,frog
91,2,23,0.09779509156942368,frog
92,2,24,0.11944826692342758,frog
93,2,25,0.3153715431690216,frog
94,2,26,0.01260028500109911,frog
95,2,27,0.017667217180132866,frog
96,2,28,0.04264089837670326,frog
97,2,29,0.0007906104438006878,frog
98,2,30,0.04463481530547142,frog
99,2,31,0.0767899677157402,frog
100,2,32,0.12197195738554001,frog
101,2,33,0.25026366114616394,frog
102,2,34,0.17608889937400818,frog
103,2,35,0.06353841722011566,frog
104,2,36,0.1194240152835846,frog
105,2,37,0.01351629663258791,frog
106,2,38,0.13411198556423187,frog
107,2,39,0.19416169822216034,frog
108,2,40,0.06022267788648605,frog
109,2,41,0.0394924059510231,frog
110,2,42,0.19566956162452698,frog
111,2,43,0.09720876067876816,frog
112,2,44,0.14789912104606628,frog
113,2,45,0.16077636182308197,frog
114,2,46,0.10218573361635208,frog
115,2,47,0.16946342587471008,frog
116,2,48,0.1656220406293869,frog
117,3,0,0.19350406527519226,frog
118,3,1,0.12258964776992798,frog
119,3,2,0.04058152437210083,frog
120,3,3,0.13793762028217316,frog
121,3,4,0.10481283813714981,frog
122,3,5,0.14103814959526062,frog
123,3,6,0.1027236133813858,frog
124,3,7,0.10500623285770416,frog
125,3,8,0.033253155648708344,frog
126,3,9,0.0452374666929245,frog
127,3,10,0.15276724100112915,frog
128,3,11,0.10818740725517273,frog
129,3,12,0.012615295127034187,frog
130,3,13,0.09986092150211334,frog
131,3,14,0.039945587515830994,frog
132,3,15,0.04826813191175461,frog
133,3,16,0.07376286387443542,frog
134,3,17,0.09659978747367859,frog
135,3,18,0.2188703864812851,frog
136,3,19,0.0351802222430706,frog
137,3,20,0.29649046063423157,frog
138,3,21,0.045052800327539444,frog
139,3,22,0.009856005199253559,frog
140,3,23,0.014043218456208706,frog
141,3,24,0.05863715708255768,frog
142,3,25,0.1654415726661682,frog
143,3,26,0.05883312597870827,frog
144,3,27,0.1932641714811325,frog
145,3,28,0.1872759908437729,frog
146,3,29,0.042171623557806015,frog
147,3,30,0.0018784466665238142,frog
148,3,31,0.083556167781353,frog
149,3,32,0.2725663483142853,frog
150,3,33,0.057258863002061844,frog
151,3,34,0.13026659190654755,frog
152,3,35,0.036181848496198654,frog
153,3,36,0.130088672041893,frog
154,3,37,0.09120980650186539,frog
155,3,38,0.05017988011240959,frog
156,3,39,0.04473606497049332,frog
157,3,40,0.12536221742630005,frog
158,3,41,0.1419476568698883,frog
159,3,42,0.024796929210424423,frog
160,3,43,0.5830698609352112,frog
161,3,44,0.004238877445459366,frog
162,3,45,0.1097913384437561,frog
163,3,46,0.19598737359046936,frog
0,0,0,0.2750391662120819,horse
1,0,1,0.01226777397096157,horse
2,0,2,0.1051749587059021,horse
3,0,3,0.011949592269957066,horse
4,0,4,0.037895794957876205,horse
5,0,5,0.008159627206623554,horse
6,0,6,0.00048604756011627614,horse
7,0,7,0.051769714802503586,horse
8,0,8,0.05651788413524628,horse
9,0,9,0.19189617037773132,horse
10,0,10,0.035657331347465515,horse
11,0,11,0.09867136925458908,horse
12,0,12,0.03978760540485382,horse
13,0,13,0.21568065881729126,horse
14,0,14,0.09210091829299927,horse
15,0,15,0.03163947910070419,horse
16,0,16,0.196853905916214,horse
17,0,17,0.10723571479320526,horse
18,0,18,0.610365629196167,horse
19,0,19,0.20948821306228638,horse
20,0,20,0.053351208567619324,horse
21,0,21,0.007779902312904596,horse
22,0,22,0.05729169398546219,horse
23,0,23,0.10282797366380692,horse
24,0,24,0.24912787973880768,horse
25,0,25,0.03119361586868763,horse
26,0,26,0.06953456252813339,horse
27,0,27,0.02260284312069416,horse
28,0,28,0.12845927476882935,horse
29,0,29,0.00025649776216596365,horse
30,0,30,0.07934264838695526,horse
31,0,31,0.22451210021972656,horse
32,0,32,0.09791393578052521,horse
33,0,33,0.14522723853588104,horse
34,0,34,0.019065789878368378,horse
35,0,35,0.03051905147731304,horse
36,0,36,0.16241958737373352,horse
37,0,37,0.1796843409538269,horse
38,0,38,0.12134046852588654,horse
39,0,39,0.14651887118816376,horse
40,0,40,0.045891936868429184,horse
41,0,41,0.10684192925691605,horse
42,0,42,0.036539603024721146,horse
43,0,43,0.18184149265289307,horse
44,0,44,0.02047255076467991,horse
45,1,0,0.034230612218379974,horse
46,1,1,0.30032554268836975,horse
47,1,2,0.24903324246406555,horse
48,1,3,0.6389828324317932,horse
49,1,4,0.0510319247841835,horse
50,1,5,0.02329196222126484,horse
51,1,6,0.23605160415172577,horse
52,1,7,0.20969881117343903,horse
53,1,8,0.2025538831949234,horse
54,1,9,0.2135949283838272,horse
55,1,10,0.208451509475708,horse
56,1,11,0.31151825189590454,horse
57,1,12,0.05266217887401581,horse
58,1,13,0.06067957356572151,horse
59,1,14,0.09655468910932541,horse
60,1,15,0.15039125084877014,horse
61,1,16,0.037731435149908066,horse
62,1,17,0.11863558739423752,horse
63,1,18,0.04997090622782707,horse
64,1,19,0.09619128704071045,horse
65,1,20,0.040341418236494064,horse
66,1,21,0.20150360465049744,horse
67,1,22,0.021311230957508087,horse
68,2,0,0.10982633382081985,horse
69,2,1,0.10631145536899567,horse
70,2,2,0.1314137578010559,horse
71,2,3,0.10276622325181961,horse
72,2,4,0.09385477006435394,horse
73,2,5,0.02422148361802101,horse
74,2,6,0.32986539602279663,horse
75,2,7,0.019435811787843704,horse
76,2,8,0.01814611442387104,horse
77,2,9,0.18326275050640106,horse
78,2,10,0.08052907884120941,horse
79,2,11,0.06267378479242325,horse
80,2,12,0.07328967750072479,horse
81,2,13,0.28860363364219666,horse
82,2,14,0.49019792675971985,horse
83,2,15,0.1164945736527443,horse
84,2,16,0.13162916898727417,horse
85,2,17,0.025463471189141273,horse
86,2,18,0.07457324117422104,horse
87,2,19,0.03666285425424576,horse
88,2,20,0.08917897194623947,horse
89,2,21,0.05523502454161644,horse
90,2,22,0.1170264258980751,horse
91,2,23,0.03045297972857952,horse
92,2,24,0.1877051591873169,horse
93,2,25,0.09415458142757416,horse
94,2,26,0.07429707795381546,horse
95,2,27,0.0755193755030632,horse
96,2,28,0.06540960818529129,horse
97,2,29,0.013159391470253468,horse
98,2,30,0.07030104845762253,horse
99,2,31,0.06255370378494263,horse
100,2,32,0.053217314183712006,horse
101,2,33,0.11913011968135834,horse
102,2,34,0.08702867478132248,horse
103,2,35,0.1804991215467453,horse
104,2,36,0.07665546238422394,horse
105,2,37,0.03412308171391487,horse
106,2,38,0.05920971930027008,horse
107,2,39,0.06681196391582489,horse
108,2,40,0.1087658628821373,horse
109,2,41,0.10304708778858185,horse
110,2,42,0.10419520735740662,horse
111,2,43,0.12126997113227844,horse
112,2,44,0.10877428203821182,horse
113,2,45,0.3072977364063263,horse
114,2,46,0.09480942785739899,horse
115,2,47,0.11257883906364441,horse
116,2,48,0.27587005496025085,horse
117,3,0,0.07404624670743942,horse
118,3,1,0.0022609385196119547,horse
119,3,2,0.15762391686439514,horse
120,3,3,0.19516870379447937,horse
121,3,4,0.1482805460691452,horse
122,3,5,0.12125086784362793,horse
123,3,6,0.15535582602024078,horse
124,3,7,0.04586248844861984,horse
125,3,8,0.07620704919099808,horse
126,3,9,0.12769505381584167,horse
127,3,10,0.0009693518513813615,horse
128,3,11,0.0911167562007904,horse
129,3,12,0.10903269052505493,horse
130,3,13,0.2319425344467163,horse
131,3,14,0.10566634684801102,horse
132,3,15,0.058338847011327744,horse
133,3,16,0.4135744869709015,horse
134,3,17,0.01280948519706726,horse
135,3,18,0.06840944290161133,horse
136,3,19,0.06929301470518112,horse
137,3,20,0.09090534597635269,horse
138,3,21,0.1421249657869339,horse
139,3,22,0.030404893681406975,horse
140,3,23,0.06536678969860077,horse
141,3,24,0.013550613075494766,horse
142,3,25,0.036133475601673126,horse
143,3,26,0.03087010607123375,horse
144,3,27,0.12714050710201263,horse
145,3,28,0.26205819845199585,horse
146,3,29,0.22197416424751282,horse
147,3,30,0.30981677770614624,horse
148,3,31,0.10562694817781448,horse
149,3,32,0.08763754367828369,horse
150,3,33,0.10733471065759659,horse
151,3,34,0.11464381963014603,horse
152,3,35,0.07555442303419113,horse
153,3,36,0.23713892698287964,horse
154,3,37,0.044595979154109955,horse
155,3,38,0.039102256298065186,horse
156,3,39,0.11190073937177658,horse
157,3,40,0.10833024233579636,horse
158,3,41,0.3706187903881073,horse
159,3,42,0.0852750912308693,horse
160,3,43,0.09414378553628922,horse
161,3,44,0.02039845660328865,horse
162,3,45,0.14545826613903046,horse
163,3,46,0.05291449651122093,horse
0,0,0,0.08871345221996307,ship
1,0,1,0.0004910891293548048,ship
2,0,2,0.21484369039535522,ship
3,0,3,0.23358052968978882,ship
4,0,4,0.0011282236082479358,ship
5,0,5,0.13123387098312378,ship
6,0,6,0.041601426899433136,ship
7,0,7,0.024879606440663338,ship
8,0,8,0.08371144533157349,ship
9,0,9,0.0008275025757029653,ship
10,0,10,0.06988759338855743,ship
11,0,11,0.29072290658950806,ship
12,0,12,0.16536791622638702,ship
13,0,13,0.13168759644031525,ship
14,0,14,0.02721913531422615,ship
15,0,15,0.12244491279125214,ship
16,0,16,0.025487367063760757,ship
17,0,17,0.009181874804198742,ship
18,0,18,0.6404276490211487,ship
19,0,19,0.18457184731960297,ship
20,0,20,7.260232814587653e-05,ship
21,0,21,0.04600631445646286,ship
22,0,22,0.012245053425431252,ship
23,0,23,0.09656798094511032,ship
24,0,24,0.048103105276823044,ship
25,0,25,0.11082921922206879,ship
26,0,26,0.2606229782104492,ship
27,0,27,0.03201203793287277,ship
28,0,28,0.0756305456161499,ship
29,0,29,0.03845040500164032,ship
30,0,30,0.007558188401162624,ship
31,0,31,0.08914550393819809,ship
32,0,32,0.17633084952831268,ship
33,0,33,0.08094145357608795,ship
34,0,34,0.19073383510112762,ship
35,0,35,0.03198254853487015,ship
36,0,36,0.13609331846237183,ship
37,0,37,0.08686745166778564,ship
38,0,38,0.08398803323507309,ship
39,0,39,0.10413768142461777,ship
40,0,40,0.04536227136850357,ship
41,0,41,0.11301799863576889,ship
42,0,42,0.12085963040590286,ship
43,0,43,0.08938877284526825,ship
44,0,44,0.05722904950380325,ship
45,1,0,0.01779257133603096,ship
46,1,1,0.2470451146364212,ship
47,1,2,0.03240722417831421,ship
48,1,3,0.7096407413482666,ship
49,1,4,0.2833324670791626,ship
50,1,5,0.18121591210365295,ship
51,1,6,0.13248363137245178,ship
52,1,7,0.10480311512947083,ship
53,1,8,0.05963556468486786,ship
54,1,9,0.2917834520339966,ship
55,1,10,0.08619032055139542,ship
56,1,11,0.030856730416417122,ship
57,1,12,0.06638991087675095,ship
58,1,13,0.10904543846845627,ship
59,1,14,0.22844137251377106,ship
60,1,15,0.12572768330574036,ship
61,1,16,0.12144522368907928,ship
62,1,17,0.14628857374191284,ship
63,1,18,0.10044262558221817,ship
64,1,19,0.030224302783608437,ship
65,1,20,0.034025639295578,ship
66,1,21,0.010779299773275852,ship
67,1,22,0.2501361072063446,ship
68,2,0,0.013882525265216827,ship
69,2,1,0.035423099994659424,ship
70,2,2,0.042865168303251266,ship
71,2,3,0.49943843483924866,ship
72,2,4,0.08369862288236618,ship
73,2,5,0.25410857796669006,ship
74,2,6,0.06707606464624405,ship
75,2,7,0.09651558101177216,ship
76,2,8,0.0043073236010968685,ship
77,2,9,0.14244766533374786,ship
78,2,10,0.011304913088679314,ship
79,2,11,0.10509705543518066,ship
80,2,12,0.0033504709135740995,ship
81,2,13,0.2702733874320984,ship
82,2,14,0.032452140003442764,ship
83,2,15,0.20980510115623474,ship
84,2,16,0.06282660365104675,ship
85,2,17,0.15120811760425568,ship
86,2,18,0.08173450082540512,ship
87,2,19,0.0958746150135994,ship
88,2,20,0.1255308985710144,ship
89,2,21,0.09976304322481155,ship
90,2,22,0.20602451264858246,ship
91,2,23,0.06597333401441574,ship
92,2,24,0.16511189937591553,ship
93,2,25,0.1153242290019989,ship
94,2,26,0.13368690013885498,ship
95,2,27,0.11394986510276794,ship
96,2,28,0.013144055381417274,ship
97,2,29,0.1395062953233719,ship
98,2,30,0.014138534665107727,ship
99,2,31,0.016735883429646492,ship
100,2,32,0.2039390206336975,ship
101,2,33,0.09005241841077805,ship
102,2,34,0.08457646518945694,ship
103,2,35,0.07074122130870819,ship
104,2,36,0.008857231587171555,ship
105,2,37,0.29992374777793884,ship
106,2,38,0.0901418998837471,ship
107,2,39,0.04509677737951279,ship
108,2,40,0.14195793867111206,ship
109,2,41,0.16356733441352844,ship
110,2,42,0.025589043274521828,ship
111,2,43,0.024750037118792534,ship
112,2,44,0.06511519104242325,ship
113,2,45,0.2655045986175537,ship
114,2,46,0.09897567331790924,ship
115,2,47,0.04374385252594948,ship
116,2,48,0.09423310309648514,ship
117,3,0,0.1260737180709839,ship
118,3,1,0.10111918300390244,ship
119,3,2,0.058921582996845245,ship
120,3,3,0.10382784157991409,ship
121,3,4,0.013556748628616333,ship
122,3,5,0.2369770109653473,ship
123,3,6,0.10475814342498779,ship
124,3,7,0.04087059944868088,ship
125,3,8,0.06394896656274796,ship
126,3,9,0.18321411311626434,ship
127,3,10,0.03834150359034538,ship
128,3,11,0.24635526537895203,ship
129,3,12,0.11044255644083023,ship
130,3,13,0.17113859951496124,ship
131,3,14,0.21305835247039795,ship
132,3,15,0.04638015478849411,ship
133,3,16,0.10478124767541885,ship
134,3,17,0.07922856509685516,ship
135,3,18,0.07053913176059723,ship
136,3,19,0.07434560358524323,ship
137,3,20,0.08592799305915833,ship
138,3,21,0.26549509167671204,ship
139,3,22,0.021830927580595016,ship
140,3,23,0.08177340030670166,ship
141,3,24,0.06850187480449677,ship
142,3,25,0.07791343331336975,ship
143,3,26,0.18356317281723022,ship
144,3,27,0.15935558080673218,ship
145,3,28,0.009713949635624886,ship
146,3,29,0.12286008894443512,ship
147,3,30,0.11447455734014511,ship
148,3,31,0.08853845298290253,ship
149,3,32,0.25786837935447693,ship
150,3,33,0.026812631636857986,ship
151,3,34,0.03781871870160103,ship
152,3,35,0.05559837073087692,ship
153,3,36,0.22686906158924103,ship
154,3,37,0.0957636907696724,ship
155,3,38,0.023243097588419914,ship
156,3,39,0.1147632896900177,ship
157,3,40,0.10498131066560745,ship
158,3,41,0.2012980729341507,ship
159,3,42,0.0855264663696289,ship
160,3,43,0.11618781834840775,ship
161,3,44,0.48016825318336487,ship
162,3,45,0.1508396416902542,ship
163,3,46,0.10609263181686401,ship
0,0,0,0.22745218873023987,automobile
1,0,1,0.10794796794652939,automobile
2,0,2,0.16465292870998383,automobile
3,0,3,0.14427126944065094,automobile
4,0,4,0.023672951385378838,automobile
5,0,5,0.15163259208202362,automobile
6,0,6,0.05042419582605362,automobile
7,0,7,0.005052538588643074,automobile
8,0,8,0.06522209197282791,automobile
9,0,9,0.11658816039562225,automobile
10,0,10,0.10856849700212479,automobile
11,0,11,0.13691508769989014,automobile
12,0,12,0.23229585587978363,automobile
13,0,13,0.09447316825389862,automobile
14,0,14,0.03372375667095184,automobile
15,0,15,0.023700851947069168,automobile
16,0,16,0.22539718449115753,automobile
17,0,17,0.05759032070636749,automobile
18,0,18,0.29287680983543396,automobile
19,0,19,0.1348077654838562,automobile
20,0,20,0.0476231724023819,automobile
21,0,21,0.1847873032093048,automobile
22,0,22,0.04434069246053696,automobile
23,0,23,0.1552983522415161,automobile
24,0,24,0.241949662566185,automobile
25,0,25,0.005371155217289925,automobile
26,0,26,0.2838982343673706,automobile
27,0,27,0.04998445138335228,automobile
28,0,28,0.12170340120792389,automobile
29,0,29,0.008042587898671627,automobile
30,0,30,0.07660000771284103,automobile
31,0,31,0.4084186553955078,automobile
32,0,32,0.1399962604045868,automobile
33,0,33,0.07745423167943954,automobile
34,0,34,0.08659792691469193,automobile
35,0,35,0.007353459484875202,automobile
36,0,36,0.18496301770210266,automobile
37,0,37,0.08872156590223312,automobile
38,0,38,0.18556731939315796,automobile
39,0,39,0.15890717506408691,automobile
40,0,40,0.06446167081594467,automobile
41,0,41,0.22287705540657043,automobile
42,0,42,0.009343432262539864,automobile
43,0,43,0.10104360431432724,automobile
44,0,44,0.027767734602093697,automobile
45,1,0,0.06809855997562408,automobile
46,1,1,0.4094139635562897,automobile
47,1,2,0.005411583464592695,automobile
48,1,3,0.01950494386255741,automobile
49,1,4,0.17170339822769165,automobile
50,1,5,0.1136508509516716,automobile
51,1,6,0.17209672927856445,automobile
52,1,7,0.19475287199020386,automobile
53,1,8,0.18490435183048248,automobile
54,1,9,0.05296211689710617,automobile
55,1,10,0.33072081208229065,automobile
56,1,11,0.4446316063404083,automobile
57,1,12,0.06798586994409561,automobile
58,1,13,0.13726738095283508,automobile
59,1,14,0.03526345267891884,automobile
60,1,15,0.3948858380317688,automobile
61,1,16,0.08865536004304886,automobile
62,1,17,0.23739084601402283,automobile
63,1,18,0.02908201701939106,automobile
64,1,19,0.018021536991000175,automobile
65,1,20,0.02321275882422924,automobile
66,1,21,0.32214662432670593,automobile
67,1,22,0.15157751739025116,automobile
68,2,0,0.041610728949308395,automobile
69,2,1,0.20551887154579163,automobile
70,2,2,0.08360820263624191,automobile
71,2,3,0.347417950630188,automobile
72,2,4,0.005157260224223137,automobile
73,2,5,0.38382020592689514,automobile
74,2,6,0.09702899307012558,automobile
75,2,7,0.11452949047088623,automobile
76,2,8,0.0648229643702507,automobile
77,2,9,0.139786496758461,automobile
78,2,10,0.003151179291307926,automobile
79,2,11,0.009226890280842781,automobile
80,2,12,0.043478481471538544,automobile
81,2,13,0.009165639989078045,automobile
82,2,14,0.011661263182759285,automobile
83,2,15,0.0017697886796668172,automobile
84,2,16,0.2200043499469757,automobile
85,2,17,0.15263980627059937,automobile
86,2,18,0.005379458423703909,automobile
87,2,19,0.015538922511041164,automobile
88,2,20,0.005238092504441738,automobile
89,2,21,0.1361861675977707,automobile
90,2,22,0.08726157248020172,automobile
91,2,23,0.01784641481935978,automobile
92,2,24,0.12293266505002975,automobile
93,2,25,0.002392744179815054,automobile
94,2,26,0.20193395018577576,automobile
95,2,27,0.024060428142547607,automobile
96,2,28,0.005166880786418915,automobile
97,2,29,0.12210216373205185,automobile
98,2,30,0.05662546679377556,automobile
99,2,31,0.041024766862392426,automobile
100,2,32,0.3893190920352936,automobile
101,2,33,0.23365479707717896,automobile
102,2,34,0.07435565441846848,automobile
103,2,35,0.0879010260105133,automobile
104,2,36,0.00021911587100476027,automobile
105,2,37,0.11275351792573929,automobile
106,2,38,0.1038491353392601,automobile
107,2,39,0.1789223551750183,automobile
108,2,40,0.09050928056240082,automobile
109,2,41,0.06486119329929352,automobile
110,2,42,0.2014591097831726,automobile
111,2,43,0.06780590862035751,automobile
112,2,44,0.03498666733503342,automobile
113,2,45,0.2647668719291687,automobile
114,2,46,0.016555050387978554,automobile
115,2,47,0.0701618567109108,automobile
116,2,48,0.22068259119987488,automobile
117,3,0,0.048263728618621826,automobile
118,3,1,0.03788559511303902,automobile
119,3,2,0.3331271708011627,automobile
120,3,3,0.054493218660354614,automobile
121,3,4,0.00827681552618742,automobile
122,3,5,0.023059243336319923,automobile
123,3,6,0.10815533250570297,automobile
124,3,7,0.05539069324731827,automobile
125,3,8,0.035858556628227234,automobile
126,3,9,0.012130512855947018,automobile
127,3,10,0.05459756776690483,automobile
128,3,11,0.019276579841971397,automobile
129,3,12,0.08933278173208237,automobile
130,3,13,0.12502305209636688,automobile
131,3,14,0.14297333359718323,automobile
132,3,15,0.1203722208738327,automobile
133,3,16,0.14207133650779724,automobile
134,3,17,0.055924732238054276,automobile
135,3,18,0.1973564773797989,automobile
136,3,19,0.17577296495437622,automobile
137,3,20,0.23820063471794128,automobile
138,3,21,0.10186193883419037,automobile
139,3,22,0.1375502496957779,automobile
140,3,23,0.3791503608226776,automobile
141,3,24,0.00788850523531437,automobile
142,3,25,0.09231101721525192,automobile
143,3,26,0.27401599287986755,automobile
144,3,27,0.08435384184122086,automobile
145,3,28,0.18359625339508057,automobile
146,3,29,0.1406162679195404,automobile
147,3,30,0.10017994046211243,automobile
148,3,31,0.0022787407506257296,automobile
149,3,32,0.1462000608444214,automobile
150,3,33,0.20042233169078827,automobile
151,3,34,0.10553022474050522,automobile
152,3,35,0.018387529999017715,automobile
153,3,36,0.06539782136678696,automobile
154,3,37,0.026868533343076706,automobile
155,3,38,0.015921341255307198,automobile
156,3,39,0.27340835332870483,automobile
157,3,40,0.02796565182507038,automobile
158,3,41,0.15043407678604126,automobile
159,3,42,0.1037142276763916,automobile
160,3,43,0.06434787064790726,automobile
161,3,44,0.23276671767234802,automobile
162,3,45,0.2058737874031067,automobile
163,3,46,0.19608207046985626,automobile
0,0,0,0.1094043031334877,truck
1,0,1,0.20956411957740784,truck
2,0,2,0.16405817866325378,truck
3,0,3,0.09934147447347641,truck
4,0,4,0.03922942280769348,truck
5,0,5,0.20533736050128937,truck
6,0,6,0.007609447464346886,truck
7,0,7,0.0663258284330368,truck
8,0,8,0.14285768568515778,truck
9,0,9,0.11016824096441269,truck
10,0,10,0.10369905084371567,truck
11,0,11,0.3784882724285126,truck
12,0,12,0.09078620374202728,truck
13,0,13,0.04060869663953781,truck
14,0,14,0.15145227313041687,truck
15,0,15,0.04358437657356262,truck
16,0,16,0.1602202206850052,truck
17,0,17,0.024689964950084686,truck
18,0,18,0.39801105856895447,truck
19,0,19,0.2712739109992981,truck
20,0,20,0.08733881264925003,truck
21,0,21,0.035246580839157104,truck
22,0,22,0.03967667371034622,truck
23,0,23,0.10703501850366592,truck
24,0,24,0.1614142805337906,truck
25,0,25,0.048213373869657516,truck
26,0,26,0.09562361985445023,truck
27,0,27,0.04616808146238327,truck
28,0,28,0.20384173095226288,truck
29,0,29,0.028767907992005348,truck
30,0,30,0.059429001063108444,truck
31,0,31,0.0008839958463795483,truck
32,0,32,0.0012825035955756903,truck
33,0,33,0.1243310496211052,truck
34,0,34,0.09532622992992401,truck
35,0,35,0.01150877308100462,truck
36,0,36,0.02149309031665325,truck
37,0,37,0.12343363463878632,truck
38,0,38,0.1741640716791153,truck
39,0,39,0.20585450530052185,truck
40,0,40,0.11239206045866013,truck
41,0,41,0.1408746987581253,truck
42,0,42,0.1987672746181488,truck
43,0,43,0.28755784034729004,truck
44,0,44,0.06616514176130295,truck
45,1,0,0.0400877371430397,truck
46,1,1,0.25171545147895813,truck
47,1,2,0.32953640818595886,truck
48,1,3,0.19835223257541656,truck
49,1,4,0.26278412342071533,truck
50,1,5,0.22452488541603088,truck
51,1,6,0.0966629758477211,truck
52,1,7,0.18282276391983032,truck
53,1,8,0.01065304409712553,truck
54,1,9,0.3477020859718323,truck
55,1,10,0.04281987249851227,truck
56,1,11,0.00710711907595396,truck
57,1,12,0.03376667574048042,truck
58,1,13,0.31067511439323425,truck
59,1,14,0.1898452192544937,truck
60,1,15,0.5143547654151917,truck
61,1,16,0.08735225349664688,truck
62,1,17,0.08375051617622375,truck
63,1,18,0.05511855706572533,truck
64,1,19,0.21664683520793915,truck
65,1,20,0.1405893713235855,truck
66,1,21,0.10913433134555817,truck
67,1,22,0.08608108758926392,truck
68,2,0,0.08236037194728851,truck
69,2,1,0.1541387289762497,truck
70,2,2,0.11713112890720367,truck
71,2,3,0.04851444065570831,truck
72,2,4,0.0443551242351532,truck
73,2,5,0.06553445011377335,truck
74,2,6,0.18253454566001892,truck
75,2,7,0.01068077702075243,truck
76,2,8,0.19185489416122437,truck
77,2,9,0.24526114761829376,truck
78,2,10,0.06023162230849266,truck
79,2,11,0.09218831360340118,truck
80,2,12,0.0832817479968071,truck
81,2,13,0.09259941428899765,truck
82,2,14,0.12674038112163544,truck
83,2,15,0.06526636332273483,truck
84,2,16,0.11098790913820267,truck
85,2,17,0.26730379462242126,truck
86,2,18,0.004798725247383118,truck
87,2,19,0.11663201451301575,truck
88,2,20,0.2618315517902374,truck
89,2,21,0.13170717656612396,truck
90,2,22,0.12402766942977905,truck
91,2,23,0.012076255865395069,truck
92,2,24,0.03846045210957527,truck
93,2,25,0.23715424537658691,truck
94,2,26,0.12022899836301804,truck
95,2,27,0.05581599101424217,truck
96,2,28,0.09376732259988785,truck
97,2,29,0.2995700240135193,truck
98,2,30,0.16383275389671326,truck
99,2,31,0.10004568845033646,truck
100,2,32,0.00501902773976326,truck
101,2,33,0.09096033871173859,truck
102,2,34,0.039675746113061905,truck
103,2,35,0.09374064207077026,truck
104,2,36,0.036135975271463394,truck
105,2,37,0.056978076696395874,truck
106,2,38,0.03486602008342743,truck
107,2,39,0.10052323341369629,truck
108,2,40,0.044634196907281876,truck
109,2,41,0.0831383690237999,truck
110,2,42,0.06186983734369278,truck
111,2,43,0.09540290385484695,truck
112,2,44,0.05732446163892746,truck
113,2,45,0.32735005021095276,truck
114,2,46,0.08606699854135513,truck
115,2,47,0.1521555334329605,truck
116,2,48,0.4023614227771759,truck
117,3,0,0.0986713320016861,truck
118,3,1,0.031913306564092636,truck
119,3,2,0.016141394153237343,truck
120,3,3,0.06109445542097092,truck
121,3,4,0.024763459339737892,truck
122,3,5,0.024231955409049988,truck
123,3,6,0.05300687626004219,truck
124,3,7,0.13830740749835968,truck
125,3,8,0.07242008298635483,truck
126,3,9,0.07279329001903534,truck
127,3,10,0.0290629044175148,truck
128,3,11,0.0008389422437176108,truck
129,3,12,0.2773084342479706,truck
130,3,13,0.08988594263792038,truck
131,3,14,0.045611847192049026,truck
132,3,15,0.06537187844514847,truck
133,3,16,0.29523348808288574,truck
134,3,17,0.027700170874595642,truck
135,3,18,0.20244333148002625,truck
136,3,19,0.4222959280014038,truck
137,3,20,0.1352931708097458,truck
138,3,21,0.17940591275691986,truck
139,3,22,0.03986332193017006,truck
140,3,23,0.039736635982990265,truck
141,3,24,0.08330009132623672,truck
142,3,25,0.040027789771556854,truck
143,3,26,0.2400187999010086,truck
144,3,27,0.2674886882305145,truck
145,3,28,0.03449064865708351,truck
146,3,29,0.10530270636081696,truck
147,3,30,0.14592427015304565,truck
148,3,31,0.2367664873600006,truck
149,3,32,0.22069017589092255,truck
150,3,33,0.1840956062078476,truck
151,3,34,0.1691712737083435,truck
152,3,35,0.1673728972673416,truck
153,3,36,0.22113437950611115,truck
154,3,37,0.05975255370140076,truck
155,3,38,0.015278486534953117,truck
156,3,39,0.03624461591243744,truck
157,3,40,0.009681564755737782,truck
158,3,41,0.05227723717689514,truck
159,3,42,0.18931923806667328,truck
160,3,43,0.10968811064958572,truck
161,3,44,0.12157854437828064,truck
162,3,45,0.10874874889850616,truck
163,3,46,0.024512188509106636,truck
0,0,0,0.33585748076438904,bird
1,0,1,0.01939362660050392,bird
2,0,2,0.061873313039541245,bird
3,0,3,0.02759995125234127,bird
4,0,4,0.05089426413178444,bird
5,0,5,0.1732383817434311,bird
6,0,6,0.11793363094329834,bird
7,0,7,0.06225040555000305,bird
8,0,8,0.049464963376522064,bird
9,0,9,0.06847027689218521,bird
10,0,10,0.05239058658480644,bird
11,0,11,0.08190441131591797,bird
12,0,12,0.008242391981184483,bird
13,0,13,0.0006791902123950422,bird
14,0,14,0.09197784960269928,bird
15,0,15,0.15813837945461273,bird
16,0,16,0.1821434199810028,bird
17,0,17,0.012309174053370953,bird
18,0,18,0.3177782893180847,bird
19,0,19,0.31925466656684875,bird
20,0,20,0.047224801033735275,bird
21,0,21,0.03880571946501732,bird
22,0,22,0.008260805159807205,bird
23,0,23,0.05877478048205376,bird
24,0,24,0.018834203481674194,bird
25,0,25,0.011822128668427467,bird
26,0,26,0.45918136835098267,bird
27,0,27,0.05214380845427513,bird
28,0,28,0.19389623403549194,bird
29,0,29,0.027764717116951942,bird
30,0,30,0.05097558721899986,bird
31,0,31,0.3735889494419098,bird
32,0,32,0.08718600124120712,bird
33,0,33,0.018102113157510757,bird
34,0,34,0.10914764553308487,bird
35,0,35,0.0038322829641401768,bird
36,0,36,0.03594053164124489,bird
37,0,37,0.0749230608344078,bird
38,0,38,0.08018836379051208,bird
39,0,39,0.09451375901699066,bird
40,0,40,0.029090484604239464,bird
41,0,41,0.26189014315605164,bird
42,0,42,0.02361387200653553,bird
43,0,43,0.17027999460697174,bird
44,0,44,0.05025482177734375,bird
45,1,0,0.005495070479810238,bird
46,1,1,0.31749388575553894,bird
47,1,2,0.0577087476849556,bird
48,1,3,0.18820585310459137,bird
49,1,4,0.16633892059326172,bird
50,1,5,0.056097082793712616,bird
51,1,6,0.08754829317331314,bird
52,1,7,0.42135512828826904,bird
53,1,8,0.37409481406211853,bird
54,1,9,0.12898653745651245,bird
55,1,10,0.01637742482125759,bird
56,1,11,0.6521013379096985,bird
57,1,12,0.04702894762158394,bird
58,1,13,0.1013726070523262,bird
59,1,14,0.05801450088620186,bird
60,1,15,0.1768769472837448,bird
61,1,16,0.01635264791548252,bird
62,1,17,0.06275863200426102,bird
63,1,18,0.030075252056121826,bird
64,1,19,0.01221847627311945,bird
65,1,20,0.00902186706662178,bird
66,1,21,0.09677238762378693,bird
67,1,22,0.02146707847714424,bird
68,2,0,0.18440306186676025,bird
69,2,1,0.20200926065444946,bird
70,2,2,0.06946467608213425,bird
71,2,3,0.07102718949317932,bird
72,2,4,0.07361798733472824,bird
73,2,5,0.1801225244998932,bird
74,2,6,0.21386364102363586,bird
75,2,7,0.08091935515403748,bird
76,2,8,0.055082015693187714,bird
77,2,9,0.34852713346481323,bird
78,2,10,0.10115706920623779,bird
79,2,11,0.06916458159685135,bird
80,2,12,0.1327529102563858,bird
81,2,13,0.07206769287586212,bird
82,2,14,0.2716543674468994,bird
83,2,15,0.08036663383245468,bird
84,2,16,0.0654628649353981,bird
85,2,17,0.11048885434865952,bird
86,2,18,0.056918397545814514,bird
87,2,19,0.0234979260712862,bird
88,2,20,0.10294079035520554,bird
89,2,21,0.06280279904603958,bird
90,2,22,0.3046329617500305,bird
91,2,23,0.11480067670345306,bird
92,2,24,0.08603131771087646,bird
93,2,25,0.29007136821746826,bird
94,2,26,0.27190980315208435,bird
95,2,27,0.028913987800478935,bird
96,2,28,0.07030089944601059,bird
97,2,29,0.12782852351665497,bird
98,2,30,0.04251841828227043,bird
99,2,31,0.09283522516489029,bird
100,2,32,0.1496564894914627,bird
101,2,33,0.062245965003967285,bird
102,2,34,0.19345881044864655,bird
103,2,35,0.0119443628937006,bird
104,2,36,0.046404462307691574,bird
105,2,37,0.15664902329444885,bird
106,2,38,0.05530139058828354,bird
107,2,39,0.20955349504947662,bird
108,2,40,0.06327918916940689,bird
109,2,41,0.06769507378339767,bird
110,2,42,0.033753685653209686,bird
111,2,43,0.039809152483940125,bird
112,2,44,0.10030265897512436,bird
113,2,45,0.28527578711509705,bird
114,2,46,0.04939313605427742,bird
115,2,47,0.019118787720799446,bird
116,2,48,0.02613009698688984,bird
117,3,0,0.048764415085315704,bird
118,3,1,0.08834661543369293,bird
119,3,2,0.08825991302728653,bird
120,3,3,0.07637453824281693,bird
121,3,4,0.028226852416992188,bird
122,3,5,0.017942113801836967,bird
123,3,6,0.00166519230697304,bird
124,3,7,0.2624870836734772,bird
125,3,8,0.13359422981739044,bird
126,3,9,0.04246458038687706,bird
127,3,10,0.0654861181974411,bird
128,3,11,0.2274581491947174,bird
129,3,12,0.001042305026203394,bird
130,3,13,0.018043721094727516,bird
131,3,14,0.19956980645656586,bird
132,3,15,0.060999367386102676,bird
133,3,16,0.04682929068803787,bird
134,3,17,0.06499219685792923,bird
135,3,18,0.15423986315727234,bird
136,3,19,0.0775081142783165,bird
137,3,20,0.1793830841779709,bird
138,3,21,0.0013669731561094522,bird
139,3,22,0.06300473213195801,bird
140,3,23,0.022585833445191383,bird
141,3,24,0.08318964391946793,bird
142,3,25,0.2678949534893036,bird
143,3,26,0.22731545567512512,bird
144,3,27,0.12762342393398285,bird
145,3,28,0.02246805466711521,bird
146,3,29,0.059153322130441666,bird
147,3,30,0.2570118010044098,bird
148,3,31,0.04038193076848984,bird
149,3,32,0.07292664051055908,bird
150,3,33,0.3704138398170471,bird
151,3,34,0.06612854450941086,bird
152,3,35,0.06749969720840454,bird
153,3,36,0.17874981462955475,bird
154,3,37,0.12270073592662811,bird
155,3,38,0.14698311686515808,bird
156,3,39,0.27078425884246826,bird
157,3,40,0.026264464482665062,bird
158,3,41,0.07476245611906052,bird
159,3,42,0.20238402485847473,bird
160,3,43,0.14161883294582367,bird
161,3,44,0.3327266573905945,bird
162,3,45,0.10368192940950394,bird
163,3,46,0.11518921703100204,bird
0,0,0,0.39341843128204346,dog
1,0,1,0.00653836177662015,dog
2,0,2,0.08825282752513885,dog
3,0,3,0.1260845810174942,dog
4,0,4,0.0545295812189579,dog
5,0,5,0.24440909922122955,dog
6,0,6,0.18674525618553162,dog
7,0,7,0.025832032784819603,dog
8,0,8,0.027209877967834473,dog
9,0,9,0.14627401530742645,dog
10,0,10,0.009291430003941059,dog
11,0,11,0.02577708289027214,dog
12,0,12,0.06140909716486931,dog
13,0,13,0.15064600110054016,dog
14,0,14,0.12923909723758698,dog
15,0,15,0.13813601434230804,dog
16,0,16,0.2180408239364624,dog
17,0,17,0.06554047763347626,dog
18,0,18,0.15320372581481934,dog
19,0,19,0.351749062538147,dog
20,0,20,0.011163922958076,dog
21,0,21,0.04414047300815582,dog
22,0,22,0.020512035116553307,dog
23,0,23,0.09458586573600769,dog
24,0,24,0.0367259681224823,dog
25,0,25,0.04923475906252861,dog
26,0,26,0.28293636441230774,dog
27,0,27,0.08972737193107605,dog
28,0,28,0.26233598589897156,dog
29,0,29,0.06989238411188126,dog
30,0,30,0.04275573045015335,dog
31,0,31,0.09416824579238892,dog
32,0,32,0.021096497774124146,dog
33,0,33,0.24010159075260162,dog
34,0,34,0.04130978882312775,dog
35,0,35,0.01335774827748537,dog
36,0,36,0.22603046894073486,dog
37,0,37,0.012681799940764904,dog
38,0,38,0.03594553843140602,dog
39,0,39,0.16448815166950226,dog
40,0,40,0.02227066271007061,dog
41,0,41,0.32287052273750305,dog
42,0,42,0.06868746131658554,dog
43,0,43,0.042626406997442245,dog
44,0,44,0.022314075380563736,dog
45,1,0,0.01664317585527897,dog
46,1,1,0.4623388350009918,dog
47,1,2,0.09690143167972565,dog
48,1,3,0.14647656679153442,dog
49,1,4,0.05719498544931412,dog
50,1,5,0.2926939129829407,dog
51,1,6,0.032156459987163544,dog
52,1,7,0.474403977394104,dog
53,1,8,0.2566467821598053,dog
54,1,9,0.07321983575820923,dog
55,1,10,0.18813438713550568,dog
56,1,11,0.034314822405576706,dog
57,1,12,0.0032250836957246065,dog
58,1,13,0.3349479138851166,dog
59,1,14,0.23365628719329834,dog
60,1,15,0.38468047976493835,dog
61,1,16,0.005771367810666561,dog
62,1,17,0.06815817952156067,dog
63,1,18,0.04302174597978592,dog
64,1,19,0.0869796946644783,dog
65,1,20,0.018913308158516884,dog
66,1,21,0.01537932176142931,dog
67,1,22,0.053116943687200546,dog
68,2,0,0.019678514450788498,dog
69,2,1,0.12041782587766647,dog
70,2,2,0.18372848629951477,dog
71,2,3,0.29250743985176086,dog
72,2,4,0.10533275455236435,dog
73,2,5,0.04690511152148247,dog
74,2,6,0.10330307483673096,dog
75,2,7,0.15453991293907166,dog
76,2,8,0.02299385517835617,dog
77,2,9,0.21948173642158508,dog
78,2,10,0.020758401602506638,dog
79,2,11,0.10613660514354706,dog
80,2,12,0.19883552193641663,dog
81,2,13,0.05801006406545639,dog
82,2,14,0.15219300985336304,dog
83,2,15,0.10444792360067368,dog
84,2,16,0.2835296094417572,dog
85,2,17,0.02597956918179989,dog
86,2,18,0.10396312177181244,dog
87,2,19,0.140362948179245,dog
88,2,20,0.13476449251174927,dog
89,2,21,0.2421567738056183,dog
90,2,22,0.06220945715904236,dog
91,2,23,0.11498284339904785,dog
92,2,24,0.011690059676766396,dog
93,2,25,0.3044789433479309,dog
94,2,26,0.003690241603180766,dog
95,2,27,0.011285618878901005,dog
96,2,28,0.06486432254314423,dog
97,2,29,0.027714909985661507,dog
98,2,30,0.09589099884033203,dog
99,2,31,0.09641318768262863,dog
100,2,32,0.18019838631153107,dog
101,2,33,0.12533985078334808,dog
102,2,34,0.012105188332498074,dog
103,2,35,0.24197490513324738,dog
104,2,36,0.02088470198214054,dog
105,2,37,0.16930176317691803,dog
106,2,38,0.007544792257249355,dog
107,2,39,0.206033393740654,dog
108,2,40,0.12467280775308609,dog
109,2,41,0.03577720373868942,dog
110,2,42,0.13818953931331635,dog
111,2,43,0.06101270020008087,dog
112,2,44,0.10104268044233322,dog
113,2,45,0.2756269872188568,dog
114,2,46,0.060790952295064926,dog
115,2,47,0.055561650544404984,dog
116,2,48,0.2181018888950348,dog
117,3,0,0.01571747288107872,dog
118,3,1,0.22478468716144562,dog
119,3,2,0.06243571639060974,dog
120,3,3,0.1209932193160057,dog
121,3,4,0.012080634012818336,dog
122,3,5,0.023932049050927162,dog
123,3,6,0.028628651052713394,dog
124,3,7,0.19838427007198334,dog
125,3,8,0.08173689991235733,dog
126,3,9,0.2175574153661728,dog
127,3,10,0.0028104735538363457,dog
128,3,11,0.022612787783145905,dog
129,3,12,0.01817007176578045,dog
130,3,13,0.051515012979507446,dog
131,3,14,0.041242267936468124,dog
132,3,15,0.04212723299860954,dog
133,3,16,0.11548790335655212,dog
134,3,17,0.08421487361192703,dog
135,3,18,0.13042007386684418,dog
136,3,19,0.12586058676242828,dog
137,3,20,0.21029917895793915,dog
138,3,21,0.12091808021068573,dog
139,3,22,0.0426940843462944,dog
140,3,23,0.1152544692158699,dog
141,3,24,0.021681243553757668,dog
142,3,25,0.04034195840358734,dog
143,3,26,0.09580117464065552,dog
144,3,27,0.3557330071926117,dog
145,3,28,0.09407368302345276,dog
146,3,29,0.14804832637310028,dog
147,3,30,0.3485267460346222,dog
148,3,31,0.11372725665569305,dog
149,3,32,0.009785228408873081,dog
150,3,33,0.17795801162719727,dog
151,3,34,0.0027163741178810596,dog
152,3,35,0.2007225900888443,dog
153,3,36,0.2562335729598999,dog
154,3,37,0.03345925360918045,dog
155,3,38,0.21965284645557404,dog
156,3,39,0.0829753577709198,dog
157,3,40,0.010605053044855595,dog
158,3,41,0.03179989755153656,dog
159,3,42,0.2073177844285965,dog
160,3,43,0.1707698106765747,dog
161,3,44,0.24187150597572327,dog
162,3,45,0.2543065845966339,dog
163,3,46,0.09035782516002655,dog
0,0,0,0.4275681972503662,cat
1,0,1,0.014906392432749271,cat
2,0,2,0.22930414974689484,cat
3,0,3,0.20049549639225006,cat
4,0,4,0.04669405519962311,cat
5,0,5,0.015385052189230919,cat
6,0,6,0.21142809092998505,cat
7,0,7,0.07286147028207779,cat
8,0,8,0.16453498601913452,cat
9,0,9,0.09878261387348175,cat
10,0,10,0.12962865829467773,cat
11,0,11,0.22963722050189972,cat
12,0,12,0.09323816001415253,cat
13,0,13,0.0023487138096243143,cat
14,0,14,0.14576010406017303,cat
15,0,15,0.04040304198861122,cat
16,0,16,0.044449109584093094,cat
17,0,17,0.13116580247879028,cat
18,0,18,0.19012221693992615,cat
19,0,19,0.1770392656326294,cat
20,0,20,0.0250316821038723,cat
21,0,21,0.0031367649789899588,cat
22,0,22,0.0456521175801754,cat
23,0,23,0.09034308046102524,cat
24,0,24,0.04677080363035202,cat
25,0,25,0.15582406520843506,cat
26,0,26,0.35499951243400574,cat
27,0,27,0.006485127378255129,cat
28,0,28,0.13863371312618256,cat
29,0,29,0.08008754998445511,cat
30,0,30,0.03373465687036514,cat
31,0,31,0.05524000525474548,cat
32,0,32,0.04294773191213608,cat
33,0,33,0.30774059891700745,cat
34,0,34,0.0451551154255867,cat
35,0,35,0.027280664071440697,cat
36,0,36,0.04510236158967018,cat
37,0,37,0.11024962365627289,cat
38,0,38,0.048671603202819824,cat
39,0,39,0.28315800428390503,cat
40,0,40,0.011773965321481228,cat
41,0,41,0.12742829322814941,cat
42,0,42,0.02660682052373886,cat
43,0,43,0.1991415172815323,cat
44,0,44,0.033049847930669785,cat
45,1,0,0.009496877901256084,cat
46,1,1,0.1267751157283783,cat
47,1,2,0.10085544735193253,cat
48,1,3,0.10833801329135895,cat
49,1,4,0.020247628912329674,cat
50,1,5,0.505273163318634,cat
51,1,6,0.048027168959379196,cat
52,1,7,0.3751105070114136,cat
53,1,8,0.2522003650665283,cat
54,1,9,0.307914674282074,cat
55,1,10,0.10979462414979935,cat
56,1,11,0.391491174697876,cat
57,1,12,0.04948057234287262,cat
58,1,13,0.2586624026298523,cat
59,1,14,0.16837596893310547,cat
60,1,15,0.17810681462287903,cat
61,1,16,0.03537556156516075,cat
62,1,17,0.08593879640102386,cat
63,1,18,0.05136911943554878,cat
64,1,19,0.281892865896225,cat
65,1,20,0.0263062696903944,cat
66,1,21,0.13551940023899078,cat
67,1,22,0.015587219968438148,cat
68,2,0,0.007609167136251926,cat
69,2,1,0.15937328338623047,cat
70,2,2,0.1426563709974289,cat
71,2,3,0.3111715614795685,cat
72,2,4,0.048881299793720245,cat
73,2,5,0.025947092100977898,cat
74,2,6,0.0036792857572436333,cat
75,2,7,0.14292626082897186,cat
76,2,8,0.022129684686660767,cat
77,2,9,0.1271369457244873,cat
78,2,10,0.0046643828973174095,cat
79,2,11,0.10967149585485458,cat
80,2,12,0.03434356302022934,cat
81,2,13,0.011339055374264717,cat
82,2,14,0.11392703652381897,cat
83,2,15,0.013752732425928116,cat
84,2,16,0.07951267808675766,cat
85,2,17,0.1282721757888794,cat
86,2,18,0.026390450075268745,cat
87,2,19,0.024470480158925056,cat
88,2,20,0.28174954652786255,cat
89,2,21,0.10003632307052612,cat
90,2,22,0.016656456515192986,cat
91,2,23,0.05882817879319191,cat
92,2,24,0.025600479915738106,cat
93,2,25,0.35441386699676514,cat
94,2,26,0.16644974052906036,cat
95,2,27,0.07754991948604584,cat
96,2,28,0.019260594621300697,cat
97,2,29,0.036392468959093094,cat
98,2,30,0.03847917914390564,cat
99,2,31,0.1026330292224884,cat
100,2,32,0.15777577459812164,cat
101,2,33,0.016248375177383423,cat
102,2,34,0.17247438430786133,cat
103,2,35,0.10235054045915604,cat
104,2,36,0.15515150129795074,cat
105,2,37,0.18803000450134277,cat
106,2,38,0.0364646315574646,cat
107,2,39,0.0025341452565044165,cat
108,2,40,0.006036584731191397,cat
109,2,41,0.10986876487731934,cat
110,2,42,0.16795435547828674,cat
111,2,43,0.07700908929109573,cat
112,2,44,0.016621610149741173,cat
113,2,45,0.5567439198493958,cat
114,2,46,0.05857667699456215,cat
115,2,47,0.0904708281159401,cat
116,2,48,0.07443196326494217,cat
117,3,0,0.24674631655216217,cat
118,3,1,0.12395521253347397,cat
119,3,2,0.03540012612938881,cat
120,3,3,0.07792430371046066,cat
121,3,4,0.03359121456742287,cat
122,3,5,0.18596841394901276,cat
123,3,6,0.1584235578775406,cat
124,3,7,0.0041992198675870895,cat
125,3,8,0.004717473406344652,cat
126,3,9,0.015072660520672798,cat
127,3,10,0.15573032200336456,cat
128,3,11,0.18647131323814392,cat
129,3,12,0.13903968036174774,cat
130,3,13,0.30253732204437256,cat
131,3,14,0.030526354908943176,cat
132,3,15,0.1291445642709732,cat
133,3,16,0.21728457510471344,cat
134,3,17,0.02825978212058544,cat
135,3,18,0.15776485204696655,cat
136,3,19,0.0559527650475502,cat
137,3,20,0.14151637256145477,cat
138,3,21,0.007157530169934034,cat
139,3,22,0.07339461147785187,cat
140,3,23,0.010117962025105953,cat
141,3,24,0.0673326849937439,cat
142,3,25,0.05791591480374336,cat
143,3,26,0.1379683017730713,cat
144,3,27,0.16174212098121643,cat
145,3,28,0.029468562453985214,cat
146,3,29,0.23089393973350525,cat
147,3,30,0.04138094559311867,cat
148,3,31,0.028095053508877754,cat
149,3,32,0.3911322355270386,cat
150,3,33,0.11769215762615204,cat
151,3,34,0.04133887588977814,cat
152,3,35,0.037527501583099365,cat
153,3,36,0.13606294989585876,cat
154,3,37,0.03850089758634567,cat
155,3,38,0.021549459546804428,cat
156,3,39,0.03323390707373619,cat
157,3,40,0.05965090170502663,cat
158,3,41,0.15680843591690063,cat
159,3,42,0.4063459038734436,cat
160,3,43,0.17550083994865417,cat
161,3,44,0.06607992947101593,cat
162,3,45,0.18841858208179474,cat
163,3,46,0.03222786635160446,cat
0,0,0,0.1383623629808426,deer
1,0,1,0.0007690103375352919,deer
2,0,2,0.3417479991912842,deer
3,0,3,0.22686977684497833,deer
4,0,4,0.07435273379087448,deer
5,0,5,0.18387514352798462,deer
6,0,6,0.0029989604372531176,deer
7,0,7,0.09156615287065506,deer
8,0,8,0.08186087012290955,deer
9,0,9,0.046971842646598816,deer
10,0,10,0.20074918866157532,deer
11,0,11,0.2016969919204712,deer
12,0,12,0.0997387021780014,deer
13,0,13,0.06444599479436874,deer
14,0,14,0.08764693140983582,deer
15,0,15,0.053253911435604095,deer
16,0,16,0.20887984335422516,deer
17,0,17,0.11415347456932068,deer
18,0,18,0.3616357147693634,deer
19,0,19,0.17782895267009735,deer
20,0,20,0.10988825559616089,deer
21,0,21,0.03197534382343292,deer
22,0,22,0.02613087370991707,deer
23,0,23,0.09013450145721436,deer
24,0,24,0.15125738084316254,deer
25,0,25,0.08765489608049393,deer
26,0,26,0.08025110512971878,deer
27,0,27,0.04479539021849632,deer
28,0,28,0.017819896340370178,deer
29,0,29,0.06101265549659729,deer
30,0,30,0.027798445895314217,deer
31,0,31,0.12986800074577332,deer
32,0,32,0.13618303835391998,deer
33,0,33,0.07434508204460144,deer
34,0,34,0.12591207027435303,deer
35,0,35,0.07741393893957138,deer
36,0,36,0.15930171310901642,deer
37,0,37,0.10158778727054596,deer
38,0,38,0.27048447728157043,deer
39,0,39,0.016391081735491753,deer
40,0,40,0.016222240403294563,deer
41,0,41,0.4381166398525238,deer
42,0,42,0.013837306760251522,deer
43,0,43,0.03111388348042965,deer
44,0,44,0.016709281131625175,deer
45,1,0,0.051246363669633865,deer
46,1,1,0.11778363585472107,deer
47,1,2,0.16412228345870972,deer
48,1,3,0.6793541312217712,deer
49,1,4,0.27538806200027466,deer
50,1,5,0.10220490396022797,deer
51,1,6,0.06065884977579117,deer
52,1,7,0.04901781678199768,deer
53,1,8,0.035667404532432556,deer
54,1,9,0.08570854365825653,deer
55,1,10,0.05615727975964546,deer
56,1,11,0.1737053543329239,deer
57,1,12,0.025806836783885956,deer
58,1,13,0.028600849211215973,deer
59,1,14,0.11775440722703934,deer
60,1,15,0.43723490834236145,deer
61,1,16,0.05225416645407677,deer
62,1,17,0.14467298984527588,deer
63,1,18,0.055452682077884674,deer
64,1,19,0.14821375906467438,deer
65,1,20,0.036657944321632385,deer
66,1,21,0.3226498067378998,deer
67,1,22,0.007500970736145973,deer
68,2,0,0.016024503856897354,deer
69,2,1,0.10889829695224762,deer
70,2,2,0.011218140833079815,deer
71,2,3,0.4134089946746826,deer
72,2,4,0.008078641258180141,deer
73,2,5,0.10560264438390732,deer
74,2,6,0.24834008514881134,deer
75,2,7,0.21176421642303467,deer
76,2,8,0.016757773235440254,deer
77,2,9,0.4377498924732208,deer
78,2,10,0.01633787713944912,deer
79,2,11,0.09573175758123398,deer
80,2,12,0.09582110494375229,deer
81,2,13,0.00351716298609972,deer
82,2,14,0.12217795848846436,deer
83,2,15,0.012043489143252373,deer
84,2,16,0.15155325829982758,deer
85,2,17,0.05649041384458542,deer
86,2,18,0.004362056497484446,deer
87,2,19,0.028639178723096848,deer
88,2,20,0.034254368394613266,deer
89,2,21,0.16992336511611938,deer
90,2,22,0.11793127655982971,deer
91,2,23,0.0782654732465744,deer
92,2,24,0.036217425018548965,deer
93,2,25,0.16503766179084778,deer
94,2,26,0.0428968109190464,deer
95,2,27,0.00386986555531621,deer
96,2,28,0.02258741855621338,deer
97,2,29,0.10307704657316208,deer
98,2,30,0.07014232873916626,deer
99,2,31,0.009943980723619461,deer
100,2,32,0.08993219584226608,deer
101,2,33,0.290030837059021,deer
102,2,34,0.023628050461411476,deer
103,2,35,0.08557041734457016,deer
104,2,36,0.0007815644494257867,deer
105,2,37,0.031603652983903885,deer
106,2,38,0.06996443122625351,deer
107,2,39,0.013806666247546673,deer
108,2,40,0.07827246189117432,deer
109,2,41,0.001451715361326933,deer
110,2,42,0.45217326283454895,deer
111,2,43,0.06944138556718826,deer
112,2,44,0.09113309532403946,deer
113,2,45,0.10429948568344116,deer
114,2,46,0.025770705193281174,deer
115,2,47,0.06577414274215698,deer
116,2,48,0.06418377161026001,deer
117,3,0,0.09116098284721375,deer
118,3,1,0.14764739573001862,deer
119,3,2,0.029724976047873497,deer
120,3,3,0.03892619162797928,deer
121,3,4,0.017947539687156677,deer
122,3,5,0.05746889486908913,deer
123,3,6,0.05128404125571251,deer
124,3,7,0.12530910968780518,deer
125,3,8,0.12419439107179642,deer
126,3,9,0.07422053813934326,deer
127,3,10,0.15632286667823792,deer
128,3,11,0.2044169008731842,deer
129,3,12,0.007091960404068232,deer
130,3,13,0.24475720524787903,deer
131,3,14,0.012730389833450317,deer
132,3,15,0.0699949860572815,deer
133,3,16,0.09320300817489624,deer
134,3,17,0.021895475685596466,deer
135,3,18,0.06264372915029526,deer
136,3,19,0.11544491350650787,deer
137,3,20,0.20201526582241058,deer
138,3,21,0.1814996898174286,deer
139,3,22,0.006711275782436132,deer
140,3,23,0.013362983241677284,deer
141,3,24,0.05661189556121826,deer
142,3,25,0.06761952489614487,deer
143,3,26,0.2440941333770752,deer
144,3,27,0.19459885358810425,deer
145,3,28,0.11070409417152405,deer
146,3,29,0.11545491963624954,deer
147,3,30,0.3464944064617157,deer
148,3,31,0.05517299473285675,deer
149,3,32,0.5257825255393982,deer
150,3,33,0.026887331157922745,deer
151,3,34,0.04775382578372955,deer
152,3,35,0.13479672372341156,deer
153,3,36,0.08917274326086044,deer
154,3,37,0.04530226066708565,deer
155,3,38,0.09300418943166733,deer
156,3,39,0.10096966475248337,deer
157,3,40,0.23311685025691986,deer
158,3,41,0.01258657407015562,deer
159,3,42,0.08761110156774521,deer
160,3,43,0.06461673229932785,deer
161,3,44,0.17538565397262573,deer
162,3,45,0.047936391085386276,deer
163,3,46,0.11476019769906998,deer
0,0,0,0.23026032745838165,airplane
1,0,1,0.04821217060089111,airplane
2,0,2,0.04146120324730873,airplane
3,0,3,0.036989808082580566,airplane
4,0,4,0.0027819748502224684,airplane
5,0,5,0.2197113186120987,airplane
6,0,6,0.053061507642269135,airplane
7,0,7,0.017314916476607323,airplane
8,0,8,0.09014102816581726,airplane
9,0,9,0.1284981369972229,airplane
10,0,10,0.02236943133175373,airplane
11,0,11,0.0143116544932127,airplane
12,0,12,0.1273559182882309,airplane
13,0,13,0.06380506604909897,airplane
14,0,14,0.0032655217219144106,airplane
15,0,15,0.046338364481925964,airplane
16,0,16,0.30561700463294983,airplane
17,0,17,0.08468249440193176,airplane
18,0,18,0.4403212070465088,airplane
19,0,19,0.3359691798686981,airplane
20,0,20,0.056014373898506165,airplane
21,0,21,0.03327430412173271,airplane
22,0,22,0.006980073172599077,airplane
23,0,23,0.1627994328737259,airplane
24,0,24,0.19887787103652954,airplane
25,0,25,0.06552925705909729,airplane
26,0,26,0.21432137489318848,airplane
27,0,27,0.05462147295475006,airplane
28,0,28,0.0037378284614533186,airplane
29,0,29,0.015013198368251324,airplane
30,0,30,0.023572858422994614,airplane
31,0,31,0.4216125011444092,airplane
32,0,32,0.020097797736525536,airplane
33,0,33,0.08378876000642776,airplane
34,0,34,0.03560559079051018,airplane
35,0,35,0.013521476648747921,airplane
36,0,36,0.18626393377780914,airplane
37,0,37,0.08385541290044785,airplane
38,0,38,0.1393675059080124,airplane
39,0,39,0.06681519746780396,airplane
40,0,40,0.025557538494467735,airplane
41,0,41,0.03592631220817566,airplane
42,0,42,0.05060170590877533,airplane
43,0,43,0.20851865410804749,airplane
44,0,44,0.10229573398828506,airplane
45,1,0,0.012528525665402412,airplane
46,1,1,0.4646793305873871,airplane
47,1,2,0.07135814428329468,airplane
48,1,3,0.4859909415245056,airplane
49,1,4,0.11419428139925003,airplane
50,1,5,0.06599246710538864,airplane
51,1,6,0.1667782962322235,airplane
52,1,7,0.1761830896139145,airplane
53,1,8,0.2020685225725174,airplane
54,1,9,0.11793553084135056,airplane
55,1,10,0.01604374684393406,airplane
56,1,11,0.4458448886871338,airplane
57,1,12,0.11226613074541092,airplane
58,1,13,9.879549179458991e-05,airplane
59,1,14,0.039375610649585724,airplane
60,1,15,0.1675824671983719,airplane
61,1,16,0.03579879552125931,airplane
62,1,17,0.2329631745815277,airplane
63,1,18,0.004957135766744614,airplane
64,1,19,0.05262553691864014,airplane
65,1,20,0.022294538095593452,airplane
66,1,21,0.32966849207878113,airplane
67,1,22,0.05335573852062225,airplane
68,2,0,0.09940969944000244,airplane
69,2,1,0.24819666147232056,airplane
70,2,2,0.06025078520178795,airplane
71,2,3,0.2505287230014801,airplane
72,2,4,0.006154307629913092,airplane
73,2,5,0.2902136743068695,airplane
74,2,6,0.056844960898160934,airplane
75,2,7,0.06019139289855957,airplane
76,2,8,0.036944445222616196,airplane
77,2,9,0.16983449459075928,airplane
78,2,10,0.03142181411385536,airplane
79,2,11,0.0635286495089531,airplane
80,2,12,0.04855010285973549,airplane
81,2,13,0.11604521423578262,airplane
82,2,14,0.041387978941202164,airplane
83,2,15,0.1925223022699356,airplane
84,2,16,0.12887214124202728,airplane
85,2,17,0.06969384849071503,airplane
86,2,18,0.04654482379555702,airplane
87,2,19,0.0244959257543087,airplane
88,2,20,0.09905286878347397,airplane
89,2,21,0.09571626782417297,airplane
90,2,22,0.0951961800456047,airplane
91,2,23,0.03132769465446472,airplane
92,2,24,0.24650560319423676,airplane
93,2,25,0.05477107688784599,airplane
94,2,26,0.19418025016784668,airplane
95,2,27,0.04525606334209442,airplane
96,2,28,0.04979635775089264,airplane
97,2,29,0.011233197525143623,airplane
98,2,30,0.09128887951374054,airplane
99,2,31,0.018646929413080215,airplane
100,2,32,0.4180959165096283,airplane
101,2,33,0.00973168108612299,airplane
102,2,34,0.03332801163196564,airplane
103,2,35,0.034690454602241516,airplane
104,2,36,0.0831257551908493,airplane
105,2,37,0.04050121828913689,airplane
106,2,38,0.021922411397099495,airplane
107,2,39,0.03609878942370415,airplane
108,2,40,0.14234034717082977,airplane
109,2,41,0.1921512484550476,airplane
110,2,42,0.287230908870697,airplane
111,2,43,0.01694478839635849,airplane
112,2,44,0.07629749923944473,airplane
113,2,45,0.3695971667766571,airplane
114,2,46,0.13310065865516663,airplane
115,2,47,0.05233525484800339,airplane
116,2,48,0.15073253214359283,airplane
117,3,0,0.0187729112803936,airplane
118,3,1,0.030670970678329468,airplane
119,3,2,0.07340103387832642,airplane
120,3,3,0.07485037297010422,airplane
121,3,4,0.16906431317329407,airplane
122,3,5,0.1170860156416893,airplane
123,3,6,0.26203349232673645,airplane
124,3,7,0.02898365817964077,airplane
125,3,8,0.08802710473537445,airplane
126,3,9,0.1162622943520546,airplane
127,3,10,0.006577624008059502,airplane
128,3,11,0.11751961708068848,airplane
129,3,12,0.05236354470252991,airplane
130,3,13,0.18326817452907562,airplane
131,3,14,0.0007554447511211038,airplane
132,3,15,0.15080711245536804,airplane
133,3,16,0.1875799000263214,airplane
134,3,17,0.09000290185213089,airplane
135,3,18,0.10747756063938141,airplane
136,3,19,0.10648893564939499,airplane
137,3,20,0.07668913155794144,airplane
138,3,21,0.027124760672450066,airplane
139,3,22,0.2495044320821762,airplane
140,3,23,0.09970608353614807,airplane
141,3,24,0.11491721123456955,airplane
142,3,25,0.08790592849254608,airplane
143,3,26,0.4722747504711151,airplane
144,3,27,0.09824161976575851,airplane
145,3,28,0.2793879210948944,airplane
146,3,29,0.20680415630340576,airplane
147,3,30,0.013987522572278976,airplane
148,3,31,0.04247580096125603,airplane
149,3,32,0.04805082455277443,airplane
150,3,33,0.07143579423427582,airplane
151,3,34,0.060563281178474426,airplane
152,3,35,0.05843333154916763,airplane
153,3,36,0.04371589794754982,airplane
154,3,37,0.044336266815662384,airplane
155,3,38,0.09359799325466156,airplane
156,3,39,0.3194011151790619,airplane
157,3,40,0.01657605543732643,airplane
158,3,41,0.02871944010257721,airplane
159,3,42,0.2539960443973541,airplane
160,3,43,0.1339653879404068,airplane
161,3,44,0.1700238287448883,airplane
162,3,45,0.13413909077644348,airplane
163,3,46,0.026036439463496208,airplane
0,0,0,0.40743932127952576,overall
1,0,1,0.047471288591623306,overall
2,0,2,0.13046208024024963,overall
3,0,3,0.10659932345151901,overall
4,0,4,0.018162403255701065,overall
5,0,5,0.14314405620098114,overall
6,0,6,0.07730799168348312,overall
7,0,7,0.04541624337434769,overall
8,0,8,0.09774058312177658,overall
9,0,9,0.15795767307281494,overall
10,0,10,0.07313525676727295,overall
11,0,11,0.13029716908931732,overall
12,0,12,0.04840876907110214,overall
13,0,13,0.013779805041849613,overall
14,0,14,0.0367550328373909,overall
15,0,15,0.018981218338012695,overall
16,0,16,0.11714550107717514,overall
17,0,17,0.08225555717945099,overall
18,0,18,0.6143088936805725,overall
19,0,19,0.0798754021525383,overall
20,0,20,0.01651240885257721,overall
21,0,21,0.064515620470047,overall
22,0,22,0.01241759117692709,overall
23,0,23,0.10116403549909592,overall
24,0,24,0.08309439569711685,overall
25,0,25,0.08117041736841202,overall
26,0,26,0.21770095825195312,overall
27,0,27,0.044366154819726944,overall
28,0,28,0.02390655130147934,overall
29,0,29,0.02344638668000698,overall
30,0,30,0.0017385705141350627,overall
31,0,31,0.33973342180252075,overall
32,0,32,0.029145726934075356,overall
33,0,33,0.11445245146751404,overall
34,0,34,0.04216733202338219,overall
35,0,35,0.023258144035935402,overall
36,0,36,0.04827101156115532,overall
37,0,37,0.14637936651706696,overall
38,0,38,0.013139164075255394,overall
39,0,39,0.12189843505620956,overall
40,0,40,0.03730310499668121,overall
41,0,41,0.21167723834514618,overall
42,0,42,0.05634806305170059,overall
43,0,43,0.0800354927778244,overall
44,0,44,0.06418468803167343,overall
45,1,0,0.06922344863414764,overall
46,1,1,0.21160085499286652,overall
47,1,2,0.09375756233930588,overall
48,1,3,0.6297955513000488,overall
49,1,4,0.3186018466949463,overall
50,1,5,0.21985183656215668,overall
51,1,6,0.2503308951854706,overall
52,1,7,0.3591223359107971,overall
53,1,8,0.1918300837278366,overall
54,1,9,0.2889062464237213,overall
55,1,10,0.03585123270750046,overall
56,1,11,0.177422434091568,overall
57,1,12,0.01589735597372055,overall
58,1,13,0.16157077252864838,overall
59,1,14,0.011389078572392464,overall
60,1,15,0.04197971522808075,overall
61,1,16,0.0007187753799371421,overall
62,1,17,0.02567523904144764,overall
63,1,18,0.05288732051849365,overall
64,1,19,0.10486350208520889,overall
65,1,20,0.0749400183558464,overall
66,1,21,0.04470556974411011,overall
67,1,22,0.013287581503391266,overall
68,2,0,0.135105699300766,overall
69,2,1,0.07209622859954834,overall
70,2,2,0.11249145120382309,overall
71,2,3,0.1269271820783615,overall
72,2,4,0.01127445325255394,overall
73,2,5,0.10523534566164017,overall
74,2,6,0.3216451406478882,overall
75,2,7,0.11928653717041016,overall
76,2,8,0.011945709586143494,overall
77,2,9,0.1620452105998993,overall
78,2,10,0.028999852016568184,overall
79,2,11,0.14125841856002808,overall
80,2,12,0.0636870414018631,overall
81,2,13,0.05870756506919861,overall
82,2,14,0.02349628321826458,overall
83,2,15,0.12118010222911835,overall
84,2,16,0.07357772439718246,overall
85,2,17,0.18456582725048065,overall
86,2,18,0.08096089959144592,overall
87,2,19,0.05460458621382713,overall
88,2,20,0.11814601719379425,overall
89,2,21,0.020918192341923714,overall
90,2,22,0.20391003787517548,overall
91,2,23,0.04114314168691635,overall
92,2,24,0.07101272791624069,overall
93,2,25,0.16260436177253723,overall
94,2,26,0.1510930359363556,overall
95,2,27,0.020431142300367355,overall
96,2,28,0.06358608603477478,overall
97,2,29,0.04724304750561714,overall
98,2,30,0.03921101242303848,overall
99,2,31,0.020539846271276474,overall
100,2,32,0.19511567056179047,overall
101,2,33,0.19390200078487396,overall
102,2,34,0.09157658368349075,overall
103,2,35,0.2065707892179489,overall
104,2,36,0.05828721821308136,overall
105,2,37,0.02639300748705864,overall
106,2,38,0.01510132011026144,overall
107,2,39,0.11863993853330612,overall
108,2,40,0.06498230993747711,overall
109,2,41,0.163591668009758,overall
110,2,42,0.26655298471450806,overall
111,2,43,0.012809674255549908,overall
112,2,44,0.07256929576396942,overall
113,2,45,0.5174083709716797,overall
114,2,46,0.08986178785562515,overall
115,2,47,0.08153428882360458,overall
116,2,48,0.2104552686214447,overall
117,3,0,0.10937073826789856,overall
118,3,1,0.0029606856405735016,overall
119,3,2,0.06829226016998291,overall
120,3,3,0.148891881108284,overall
121,3,4,0.05238360911607742,overall
122,3,5,0.15214082598686218,overall
123,3,6,0.13051721453666687,overall
124,3,7,0.11288652569055557,overall
125,3,8,0.03541862592101097,overall
126,3,9,0.11151496320962906,overall
127,3,10,0.0068903532810509205,overall
128,3,11,0.08134028315544128,overall
129,3,12,0.09394539892673492,overall
130,3,13,0.33915597200393677,overall
131,3,14,0.08615557849407196,overall
132,3,15,0.06300385296344757,overall
133,3,16,0.16007262468338013,overall
134,3,17,0.00844927690923214,overall
135,3,18,0.20305834710597992,overall
136,3,19,0.03142762929201126,overall
137,3,20,0.20736490190029144,overall
138,3,21,0.08460544794797897,overall
139,3,22,0.07071633636951447,overall
140,3,23,0.062043704092502594,overall
141,3,24,0.04891965538263321,overall
142,3,25,0.05698196962475777,overall
143,3,26,0.15679800510406494,overall
144,3,27,0.03322966769337654,overall
145,3,28,0.2462325245141983,overall
146,3,29,0.3385562300682068,overall
147,3,30,0.25602585077285767,overall
148,3,31,0.16738073527812958,overall
149,3,32,0.2722316086292267,overall
150,3,33,0.10756882280111313,overall
151,3,34,0.024071499705314636,overall
152,3,35,0.18306730687618256,overall
153,3,36,0.31380602717399597,overall
154,3,37,0.03485967591404915,overall
155,3,38,0.04101433977484703,overall
156,3,39,0.074794702231884,overall
157,3,40,0.07756082713603973,overall
158,3,41,0.04846862331032753,overall
159,3,42,0.0719636008143425,overall
160,3,43,0.11169296503067017,overall
161,3,44,0.05906187370419502,overall
162,3,45,0.18617986142635345,overall
163,3,46,0.17874298989772797,overall
